{
    "source_file"                   :"./input/hibit.xlsx",
    "compounds_file"                :"./input/compounds.xlsx",
    "template_file"                 :"./templates/aha-perm-hibit.xlsx",
    "output_file"                   :"./output/aha-perm-hibit.xlsx",
    "working_sheets"                :["p1-", "p1+", "p2-", "p2+"],
    "compounds_source_range"        :"A1:A16",
    "compounds_dest_range"          :"C23:C38",
    "data_source_range"             :"B15:Y30",
    "data_dest_range"               :"D23:AA38"
}